district,revenue_circle,name_raw,village,longitude,latitude,contact_phone,capacity_estimate,status,geocode_confidence,source_document_id,source_url,source_page
Chirang,Bengtol,966 No. Malivita Vidyakunja LP School,Malivita,90.5256,26.8188,9954334860,,proposed,source_coordinates,33eb900f8774c3e46ee3dd03b8990ede9a642cbf51e7065cb691bae6751f6bca,https://chirang.assam.gov.in/sites/default/files/public_utility/ReliefCampNotification.pdf,1
Chirang,Bengtol,No.1 Burijhar LP School,No.1 Burijhar,90.469,26.6999,9954061729,,proposed,source_coordinates,33eb900f8774c3e46ee3dd03b8990ede9a642cbf51e7065cb691bae6751f6bca,https://chirang.assam.gov.in/sites/default/files/public_utility/ReliefCampNotification.pdf,1
Chirang,Bengtol,Khairabari Anganwadi Kendra,Khairabari,90.507,26.5857,9101191514,,proposed,source_coordinates,33eb900f8774c3e46ee3dd03b8990ede9a642cbf51e7065cb691bae6751f6bca,https://chirang.assam.gov.in/sites/default/files/public_utility/ReliefCampNotification.pdf,1
Chirang,Bengtol,Khairabari LP School,Khairabari,90.5415,26.5905,8099321822,,proposed,source_coordinates,33eb900f8774c3e46ee3dd03b8990ede9a642cbf51e7065cb691bae6751f6bca,https://chirang.assam.gov.in/sites/default/files/public_utility/ReliefCampNotification.pdf,1
Chirang,Bengtol,Madarpur Community Hall,Madarpur,90.5255,26.5982,9394778840,,proposed,source_coordinates,33eb900f8774c3e46ee3dd03b8990ede9a642cbf51e7065cb691bae6751f6bca,https://chirang.assam.gov.in/sites/default/files/public_utility/ReliefCampNotification.pdf,1
Chirang,Bengtol,Madarpur LP School,Madarpur,90.5252,26.5705,9706138938,,proposed,source_coordinates,33eb900f8774c3e46ee3dd03b8990ede9a642cbf51e7065cb691bae6751f6bca,https://chirang.assam.gov.in/sites/default/files/public_utility/ReliefCampNotification.pdf,1
Chirang,Bengtol,Madarpur ME School,Madarpur,90.525,26.599,9101913155,,proposed,source_coordinates,33eb900f8774c3e46ee3dd03b8990ede9a642cbf51e7065cb691bae6751f6bca,https://chirang.assam.gov.in/sites/default/files/public_utility/ReliefCampNotification.pdf,1
Chirang,Bengtol,Malivita ME School,Malivita,90.5233,26.7993,9678464406,,proposed,source_coordinates,33eb900f8774c3e46ee3dd03b8990ede9a642cbf51e7065cb691bae6751f6bca,https://chirang.assam.gov.in/sites/default/files/public_utility/ReliefCampNotification.pdf,1
Chirang,Bengtol,"Naba Uday Higher Secondary School, Nangal Bhanga.",Nangal Bhanga,90.5481,26.6151,8638926477,,proposed,source_coordinates,33eb900f8774c3e46ee3dd03b8990ede9a642cbf51e7065cb691bae6751f6bca,https://chirang.assam.gov.in/sites/default/files/public_utility/ReliefCampNotification.pdf,1
Chirang,Bengtol,Pochim Nangal Bhanga LP,Nangal Bhanga,90.5404,26.6177,7002354106,,proposed,source_coordinates,33eb900f8774c3e46ee3dd03b8990ede9a642cbf51e7065cb691bae6751f6bca,https://chirang.assam.gov.in/sites/default/files/public_utility/ReliefCampNotification.pdf,1
Chirang,Bengtol,Sachipur Anganwadi Center,Sachipur,90.5216,26.8275,7099085787,,proposed,source_coordinates,33eb900f8774c3e46ee3dd03b8990ede9a642cbf51e7065cb691bae6751f6bca,https://chirang.assam.gov.in/sites/default/files/public_utility/ReliefCampNotification.pdf,2
Chirang,Bengtol,571 No. Saragaon LP School,Saragaon,90.5346,26.6038,9101264843,,proposed,source_coordinates,33eb900f8774c3e46ee3dd03b8990ede9a642cbf51e7065cb691bae6751f6bca,https://chirang.assam.gov.in/sites/default/files/public_utility/ReliefCampNotification.pdf,2
Chirang,Sidli,Pub Debarbill LP School,"Debarbill,",90.53393333,26.5886,7002211594,,proposed,source_coordinates,33eb900f8774c3e46ee3dd03b8990ede9a642cbf51e7065cb691bae6751f6bca,https://chirang.assam.gov.in/sites/default/files/public_utility/ReliefCampNotification.pdf,2
Chirang,Sidli,Dangaigaon L.P School,Dangaigaon,90.53271667,26.5635333,9954600266,,proposed,source_coordinates,33eb900f8774c3e46ee3dd03b8990ede9a642cbf51e7065cb691bae6751f6bca,https://chirang.assam.gov.in/sites/default/files/public_utility/ReliefCampNotification.pdf,2
Chirang,Sidli,Uttar Nepalpara LP School,Nepalpara,90.5440333,26.57396667,9401736970/ 8638089879,,proposed,source_coordinates,33eb900f8774c3e46ee3dd03b8990ede9a642cbf51e7065cb691bae6751f6bca,https://chirang.assam.gov.in/sites/default/files/public_utility/ReliefCampNotification.pdf,2
Chirang,Sidli,2No.OdalguriL P School,No.2 Odalaguri,90.58258333,26.54303333,8638894160,,proposed,source_coordinates,33eb900f8774c3e46ee3dd03b8990ede9a642cbf51e7065cb691bae6751f6bca,https://chirang.assam.gov.in/sites/default/files/public_utility/ReliefCampNotification.pdf,2
Chirang,Sidli,No.2 Saynashibari L.P School,No. 2 Sanyashibari,90.60195,26.51918333,9957687825,,proposed,source_coordinates,33eb900f8774c3e46ee3dd03b8990ede9a642cbf51e7065cb691bae6751f6bca,https://chirang.assam.gov.in/sites/default/files/public_utility/ReliefCampNotification.pdf,2
Chirang,Sidli,TulshijhoraL P and ME School,Polangshuguri,90.5698,26.57755,9101267855,,proposed,source_coordinates,33eb900f8774c3e46ee3dd03b8990ede9a642cbf51e7065cb691bae6751f6bca,https://chirang.assam.gov.in/sites/default/files/public_utility/ReliefCampNotification.pdf,2
Chirang,Sidli,Odalguri Madrassa,Odalgur,90.586673,26.533036,9859162382,,proposed,source_coordinates,33eb900f8774c3e46ee3dd03b8990ede9a642cbf51e7065cb691bae6751f6bca,https://chirang.assam.gov.in/sites/default/files/public_utility/ReliefCampNotification.pdf,2
Chirang,Sidli,No.3 Odalguri LPS,No.3 Odalguri,90.580327,26.530728,9365248638/ 7399503 994,,proposed,source_coordinates,33eb900f8774c3e46ee3dd03b8990ede9a642cbf51e7065cb691bae6751f6bca,https://chirang.assam.gov.in/sites/default/files/public_utility/ReliefCampNotification.pdf,2
Chirang,Sidli,513 Kachugaon Ravapara LPS,No.1 Pub Bhadragaon,90.46478333,26.42861667,9706802556,,proposed,source_coordinates,33eb900f8774c3e46ee3dd03b8990ede9a642cbf51e7065cb691bae6751f6bca,https://chirang.assam.gov.in/sites/default/files/public_utility/ReliefCampNotification.pdf,2
Chirang,Sidli,366 No. Lawripara LPS,Lauripara,90.38915,26.55853333,8399849029,,proposed,source_coordinates,33eb900f8774c3e46ee3dd03b8990ede9a642cbf51e7065cb691bae6751f6bca,https://chirang.assam.gov.in/sites/default/files/public_utility/ReliefCampNotification.pdf,2
Chirang,Sidli,Bijni Stadium,Bijni Town (Sundar ban Amguri),,,9101062658,,proposed,unverified,33eb900f8774c3e46ee3dd03b8990ede9a642cbf51e7065cb691bae6751f6bca,https://chirang.assam.gov.in/sites/default/files/public_utility/ReliefCampNotification.pdf,3
Chirang,Sidli,79 Moneswari JB School,"Moneswari, Koptupli, Hawargaon, No.2Kawadi",,,98598-92437,,proposed,unverified,33eb900f8774c3e46ee3dd03b8990ede9a642cbf51e7065cb691bae6751f6bca,https://chirang.assam.gov.in/sites/default/files/public_utility/ReliefCampNotification.pdf,3
Chirang,Sidli,799 No.Puran Bijni LPS,"No.1 Supariguri, Bijnigaon",,,70020-73569,,proposed,unverified,33eb900f8774c3e46ee3dd03b8990ede9a642cbf51e7065cb691bae6751f6bca,https://chirang.assam.gov.in/sites/default/files/public_utility/ReliefCampNotification.pdf,3
Chirang,Sidli,Fagunagaon High School,No.1 &No.2 Fagunagaon,,,7099554090,,proposed,unverified,33eb900f8774c3e46ee3dd03b8990ede9a642cbf51e7065cb691bae6751f6bca,https://chirang.assam.gov.in/sites/default/files/public_utility/ReliefCampNotification.pdf,3
Chirang,Sidli,Majrabari Nowapara High School,No.1&2Majrabari,,,6000828812,,proposed,unverified,33eb900f8774c3e46ee3dd03b8990ede9a642cbf51e7065cb691bae6751f6bca,https://chirang.assam.gov.in/sites/default/files/public_utility/ReliefCampNotification.pdf,3
Chirang,Sidli,252 No. Sishubari LPS,No.2 Sishubari,,,9957663042,,proposed,unverified,33eb900f8774c3e46ee3dd03b8990ede9a642cbf51e7065cb691bae6751f6bca,https://chirang.assam.gov.in/sites/default/files/public_utility/ReliefCampNotification.pdf,3
Chirang,Sidli,128 No. Nowapara LPS,No.1 Sishubari,,,99548-75609,,proposed,unverified,33eb900f8774c3e46ee3dd03b8990ede9a642cbf51e7065cb691bae6751f6bca,https://chirang.assam.gov.in/sites/default/files/public_utility/ReliefCampNotification.pdf,3
Chirang,Sidli,850 No. Sarapet LPS,No.2 Sarapet,,,99545-73435,,proposed,unverified,33eb900f8774c3e46ee3dd03b8990ede9a642cbf51e7065cb691bae6751f6bca,https://chirang.assam.gov.in/sites/default/files/public_utility/ReliefCampNotification.pdf,3
Chirang,Sidli,No. 1 Sarapet Sub Centre & Library,No.1Sarapet,,,6900451867,,proposed,unverified,33eb900f8774c3e46ee3dd03b8990ede9a642cbf51e7065cb691bae6751f6bca,https://chirang.assam.gov.in/sites/default/files/public_utility/ReliefCampNotification.pdf,3
Chirang,Sidli,No.1 Chowrabari L PS,No.1 Chowrabari,,,7086898271,,proposed,unverified,33eb900f8774c3e46ee3dd03b8990ede9a642cbf51e7065cb691bae6751f6bca,https://chirang.assam.gov.in/sites/default/files/public_utility/ReliefCampNotification.pdf,3
Chirang,Sidli,1 No. Khujurapguri LPS,No.1 Khujurapguri,,,96788-43995,,proposed,unverified,33eb900f8774c3e46ee3dd03b8990ede9a642cbf51e7065cb691bae6751f6bca,https://chirang.assam.gov.in/sites/default/files/public_utility/ReliefCampNotification.pdf,3
Chirang,Sidli,Dongapeta LPS,"Dongapeta,N o.1 Chowrabari",,,81338-28093,,proposed,unverified,33eb900f8774c3e46ee3dd03b8990ede9a642cbf51e7065cb691bae6751f6bca,https://chirang.assam.gov.in/sites/default/files/public_utility/ReliefCampNotification.pdf,3
Chirang,Sidli,Nawduba LPS,Nawduba,,,78969-03295,,proposed,unverified,33eb900f8774c3e46ee3dd03b8990ede9a642cbf51e7065cb691bae6751f6bca,https://chirang.assam.gov.in/sites/default/files/public_utility/ReliefCampNotification.pdf,3
Chirang,Sidli,373 No. Kathalguri LPS,Kathalguri,,,9957753427,,proposed,unverified,33eb900f8774c3e46ee3dd03b8990ede9a642cbf51e7065cb691bae6751f6bca,https://chirang.assam.gov.in/sites/default/files/public_utility/ReliefCampNotification.pdf,3
Chirang,Sidli,Khujurapguri MES,No.2 Khujurapguri,,,9678845809,,proposed,unverified,33eb900f8774c3e46ee3dd03b8990ede9a642cbf51e7065cb691bae6751f6bca,https://chirang.assam.gov.in/sites/default/files/public_utility/ReliefCampNotification.pdf,3
Chirang,Sidli,Ledopara LPS,Ledopara,,,8638658760,,proposed,unverified,33eb900f8774c3e46ee3dd03b8990ede9a642cbf51e7065cb691bae6751f6bca,https://chirang.assam.gov.in/sites/default/files/public_utility/ReliefCampNotification.pdf,3
Chirang,Sidli,Ledopara JK Club,Ugapara,,,9957370890,,proposed,unverified,33eb900f8774c3e46ee3dd03b8990ede9a642cbf51e7065cb691bae6751f6bca,https://chirang.assam.gov.in/sites/default/files/public_utility/ReliefCampNotification.pdf,4
Chirang,Sidli,Odalguri LPS,Tulsijhora,,,9859500472,,proposed,unverified,33eb900f8774c3e46ee3dd03b8990ede9a642cbf51e7065cb691bae6751f6bca,https://chirang.assam.gov.in/sites/default/files/public_utility/ReliefCampNotification.pdf,4
Chirang,Sidli,Bhabanipur MES,Bhabanipur,,,98542-46992,,proposed,unverified,33eb900f8774c3e46ee3dd03b8990ede9a642cbf51e7065cb691bae6751f6bca,https://chirang.assam.gov.in/sites/default/files/public_utility/ReliefCampNotification.pdf,4
Chirang,Sidli,Uttar Manikpur LPS,"Manikpur,Jo ypur",,,98644-52474,,proposed,unverified,33eb900f8774c3e46ee3dd03b8990ede9a642cbf51e7065cb691bae6751f6bca,https://chirang.assam.gov.in/sites/default/files/public_utility/ReliefCampNotification.pdf,4
Chirang,Sidli,Pachim Kaliagaon LPS,Koliagaon,,,98649-51103,,proposed,unverified,33eb900f8774c3e46ee3dd03b8990ede9a642cbf51e7065cb691bae6751f6bca,https://chirang.assam.gov.in/sites/default/files/public_utility/ReliefCampNotification.pdf,4
Chirang,Sidli,Amguri HS School,"Rajpara,La khipur",,,7002472959,,proposed,unverified,33eb900f8774c3e46ee3dd03b8990ede9a642cbf51e7065cb691bae6751f6bca,https://chirang.assam.gov.in/sites/default/files/public_utility/ReliefCampNotification.pdf,4
Chirang,Sidli,Patalmari LPS,"Patalmari,Nar ayanpur",,,9101153744,,proposed,unverified,33eb900f8774c3e46ee3dd03b8990ede9a642cbf51e7065cb691bae6751f6bca,https://chirang.assam.gov.in/sites/default/files/public_utility/ReliefCampNotification.pdf,4
Chirang,Sidli,792 No. Narayanpur LPS,Sisubari,,,995704037,,proposed,unverified,33eb900f8774c3e46ee3dd03b8990ede9a642cbf51e7065cb691bae6751f6bca,https://chirang.assam.gov.in/sites/default/files/public_utility/ReliefCampNotification.pdf,4
Chirang,Sidli,Kungkrajhora MES,Khungkrajhor a,,,8011413941,,proposed,unverified,33eb900f8774c3e46ee3dd03b8990ede9a642cbf51e7065cb691bae6751f6bca,https://chirang.assam.gov.in/sites/default/files/public_utility/ReliefCampNotification.pdf,4
Chirang,Sidli,Kungkrajhora Community Hall,"Kungkrajhora , Durgapur",,,9864845065,,proposed,unverified,33eb900f8774c3e46ee3dd03b8990ede9a642cbf51e7065cb691bae6751f6bca,https://chirang.assam.gov.in/sites/default/files/public_utility/ReliefCampNotification.pdf,4
Chirang,Sidli,702 No. Dwisumjhora LPS,Daisumguri,,,78964-25006,,proposed,unverified,33eb900f8774c3e46ee3dd03b8990ede9a642cbf51e7065cb691bae6751f6bca,https://chirang.assam.gov.in/sites/default/files/public_utility/ReliefCampNotification.pdf,4
Chirang,Sidli,No. 1 Uttar Boldi LPS,No.1UttarBol di,,,9101839460,,proposed,unverified,33eb900f8774c3e46ee3dd03b8990ede9a642cbf51e7065cb691bae6751f6bca,https://chirang.assam.gov.in/sites/default/files/public_utility/ReliefCampNotification.pdf,4
Chirang,Sidli,Ladangpara LPS,Pub Boldi (Ladangpara),,,9577958456,,proposed,unverified,33eb900f8774c3e46ee3dd03b8990ede9a642cbf51e7065cb691bae6751f6bca,https://chirang.assam.gov.in/sites/default/files/public_utility/ReliefCampNotification.pdf,4
Chirang,Sidli,419 No. Dologaon LPS,No.2 Uttar Boldi,,,93651-85941,,proposed,unverified,33eb900f8774c3e46ee3dd03b8990ede9a642cbf51e7065cb691bae6751f6bca,https://chirang.assam.gov.in/sites/default/files/public_utility/ReliefCampNotification.pdf,4
Chirang,Sidli,538 No. Ladanguri LPS,Ladanguri,,,8876143269,,proposed,unverified,33eb900f8774c3e46ee3dd03b8990ede9a642cbf51e7065cb691bae6751f6bca,https://chirang.assam.gov.in/sites/default/files/public_utility/ReliefCampNotification.pdf,4
Chirang,Sidli,No.360 Symthaibari LPS,Pub Boldi (Sythaibari),,,9957040575,,proposed,unverified,33eb900f8774c3e46ee3dd03b8990ede9a642cbf51e7065cb691bae6751f6bca,https://chirang.assam.gov.in/sites/default/files/public_utility/ReliefCampNotification.pdf,4
Chirang,Sidli,Nadhiyapara Library,Nadhiyapara,,,8811924325,,proposed,unverified,33eb900f8774c3e46ee3dd03b8990ede9a642cbf51e7065cb691bae6751f6bca,https://chirang.assam.gov.in/sites/default/files/public_utility/ReliefCampNotification.pdf,4
Chirang,Sidli,127 No. Kashdoha LPS,Kasdoha,,,9954397169,,proposed,unverified,33eb900f8774c3e46ee3dd03b8990ede9a642cbf51e7065cb691bae6751f6bca,https://chirang.assam.gov.in/sites/default/files/public_utility/ReliefCampNotification.pdf,4
Chirang,Sidli,703 No. Bisdoba LPS,Bisdoha,,,7002691469,,proposed,unverified,33eb900f8774c3e46ee3dd03b8990ede9a642cbf51e7065cb691bae6751f6bca,https://chirang.assam.gov.in/sites/default/files/public_utility/ReliefCampNotification.pdf,4
Chirang,Sidli,877 No. Soregaon LPS (Boupara),Boupara,,,9678498079,,proposed,unverified,33eb900f8774c3e46ee3dd03b8990ede9a642cbf51e7065cb691bae6751f6bca,https://chirang.assam.gov.in/sites/default/files/public_utility/ReliefCampNotification.pdf,5
Chirang,Sidli,349 No. Fulerchar LPS (Bedlangkhaity LPS),Bedlangkhaiti,,,7002191447,,proposed,unverified,33eb900f8774c3e46ee3dd03b8990ede9a642cbf51e7065cb691bae6751f6bca,https://chirang.assam.gov.in/sites/default/files/public_utility/ReliefCampNotification.pdf,5
Chirang,Sidli,Bedlangkhaity Yeer Mamood MES,Bedlangkhaiti,,,9365692464,,proposed,unverified,33eb900f8774c3e46ee3dd03b8990ede9a642cbf51e7065cb691bae6751f6bca,https://chirang.assam.gov.in/sites/default/files/public_utility/ReliefCampNotification.pdf,5
Chirang,Sidli,Panbari Model LPS,"No.4 Chowrang, Panbari",,,9957442477,,proposed,unverified,33eb900f8774c3e46ee3dd03b8990ede9a642cbf51e7065cb691bae6751f6bca,https://chirang.assam.gov.in/sites/default/files/public_utility/ReliefCampNotification.pdf,5
Chirang,Sidli,Chikajhora LPS,"No.1,2, 3 Chikajhora",,,9678418329,,proposed,unverified,33eb900f8774c3e46ee3dd03b8990ede9a642cbf51e7065cb691bae6751f6bca,https://chirang.assam.gov.in/sites/default/files/public_utility/ReliefCampNotification.pdf,5
Chirang,Sidli,894 No. Dahaldanda LPS,"No.1,2 Dahaldanda",,,,,proposed,unverified,33eb900f8774c3e46ee3dd03b8990ede9a642cbf51e7065cb691bae6751f6bca,https://chirang.assam.gov.in/sites/default/files/public_utility/ReliefCampNotification.pdf,5
Chirang,Sidli,Jharbispani MES,Jharbispani,,,6001332043,,proposed,unverified,33eb900f8774c3e46ee3dd03b8990ede9a642cbf51e7065cb691bae6751f6bca,https://chirang.assam.gov.in/sites/default/files/public_utility/ReliefCampNotification.pdf,5
Chirang,Sidli,Bagargaon Anchalik High School,"Bagargaon, Alengmari, Dawaguri, Larugaon, No.1, 2Siliguri",,,9954953961,,proposed,unverified,33eb900f8774c3e46ee3dd03b8990ede9a642cbf51e7065cb691bae6751f6bca,https://chirang.assam.gov.in/sites/default/files/public_utility/ReliefCampNotification.pdf,5
Chirang,Sidli,1041 No. Simlabari LPS,"Dhupuri, No.1 Kawadi (Sonaikhola)",,,8638526858,,proposed,unverified,33eb900f8774c3e46ee3dd03b8990ede9a642cbf51e7065cb691bae6751f6bca,https://chirang.assam.gov.in/sites/default/files/public_utility/ReliefCampNotification.pdf,5
Chirang,Bengtol,966 No. Malivita Vidyakunja LP School,Malivita,90.5256,26.8188,9954334860,,proposed,source_coordinates,33eb900f8774c3e46ee3dd03b8990ede9a642cbf51e7065cb691bae6751f6bca,https://chirang.assam.gov.in/sites/default/files/public_utility/ReliefCampNotification_1.pdf,1
Chirang,Bengtol,No.1 Burijhar LP School,No.1 Burijhar,90.469,26.6999,9954061729,,proposed,source_coordinates,33eb900f8774c3e46ee3dd03b8990ede9a642cbf51e7065cb691bae6751f6bca,https://chirang.assam.gov.in/sites/default/files/public_utility/ReliefCampNotification_1.pdf,1
Chirang,Bengtol,Khairabari Anganwadi Kendra,Khairabari,90.507,26.5857,9101191514,,proposed,source_coordinates,33eb900f8774c3e46ee3dd03b8990ede9a642cbf51e7065cb691bae6751f6bca,https://chirang.assam.gov.in/sites/default/files/public_utility/ReliefCampNotification_1.pdf,1
Chirang,Bengtol,Khairabari LP School,Khairabari,90.5415,26.5905,8099321822,,proposed,source_coordinates,33eb900f8774c3e46ee3dd03b8990ede9a642cbf51e7065cb691bae6751f6bca,https://chirang.assam.gov.in/sites/default/files/public_utility/ReliefCampNotification_1.pdf,1
Chirang,Bengtol,Madarpur Community Hall,Madarpur,90.5255,26.5982,9394778840,,proposed,source_coordinates,33eb900f8774c3e46ee3dd03b8990ede9a642cbf51e7065cb691bae6751f6bca,https://chirang.assam.gov.in/sites/default/files/public_utility/ReliefCampNotification_1.pdf,1
Chirang,Bengtol,Madarpur LP School,Madarpur,90.5252,26.5705,9706138938,,proposed,source_coordinates,33eb900f8774c3e46ee3dd03b8990ede9a642cbf51e7065cb691bae6751f6bca,https://chirang.assam.gov.in/sites/default/files/public_utility/ReliefCampNotification_1.pdf,1
Chirang,Bengtol,Madarpur ME School,Madarpur,90.525,26.599,9101913155,,proposed,source_coordinates,33eb900f8774c3e46ee3dd03b8990ede9a642cbf51e7065cb691bae6751f6bca,https://chirang.assam.gov.in/sites/default/files/public_utility/ReliefCampNotification_1.pdf,1
Chirang,Bengtol,Malivita ME School,Malivita,90.5233,26.7993,9678464406,,proposed,source_coordinates,33eb900f8774c3e46ee3dd03b8990ede9a642cbf51e7065cb691bae6751f6bca,https://chirang.assam.gov.in/sites/default/files/public_utility/ReliefCampNotification_1.pdf,1
Chirang,Bengtol,"Naba Uday Higher Secondary School, Nangal Bhanga.",Nangal Bhanga,90.5481,26.6151,8638926477,,proposed,source_coordinates,33eb900f8774c3e46ee3dd03b8990ede9a642cbf51e7065cb691bae6751f6bca,https://chirang.assam.gov.in/sites/default/files/public_utility/ReliefCampNotification_1.pdf,1
Chirang,Bengtol,Pochim Nangal Bhanga LP,Nangal Bhanga,90.5404,26.6177,7002354106,,proposed,source_coordinates,33eb900f8774c3e46ee3dd03b8990ede9a642cbf51e7065cb691bae6751f6bca,https://chirang.assam.gov.in/sites/default/files/public_utility/ReliefCampNotification_1.pdf,1
Chirang,Bengtol,Sachipur Anganwadi Center,Sachipur,90.5216,26.8275,7099085787,,proposed,source_coordinates,33eb900f8774c3e46ee3dd03b8990ede9a642cbf51e7065cb691bae6751f6bca,https://chirang.assam.gov.in/sites/default/files/public_utility/ReliefCampNotification_1.pdf,2
Chirang,Bengtol,571 No. Saragaon LP School,Saragaon,90.5346,26.6038,9101264843,,proposed,source_coordinates,33eb900f8774c3e46ee3dd03b8990ede9a642cbf51e7065cb691bae6751f6bca,https://chirang.assam.gov.in/sites/default/files/public_utility/ReliefCampNotification_1.pdf,2
Chirang,Sidli,Pub Debarbill LP School,"Debarbill,",90.53393333,26.5886,7002211594,,proposed,source_coordinates,33eb900f8774c3e46ee3dd03b8990ede9a642cbf51e7065cb691bae6751f6bca,https://chirang.assam.gov.in/sites/default/files/public_utility/ReliefCampNotification_1.pdf,2
Chirang,Sidli,Dangaigaon L.P School,Dangaigaon,90.53271667,26.5635333,9954600266,,proposed,source_coordinates,33eb900f8774c3e46ee3dd03b8990ede9a642cbf51e7065cb691bae6751f6bca,https://chirang.assam.gov.in/sites/default/files/public_utility/ReliefCampNotification_1.pdf,2
Chirang,Sidli,Uttar Nepalpara LP School,Nepalpara,90.5440333,26.57396667,9401736970/ 8638089879,,proposed,source_coordinates,33eb900f8774c3e46ee3dd03b8990ede9a642cbf51e7065cb691bae6751f6bca,https://chirang.assam.gov.in/sites/default/files/public_utility/ReliefCampNotification_1.pdf,2
Chirang,Sidli,2No.OdalguriL P School,No.2 Odalaguri,90.58258333,26.54303333,8638894160,,proposed,source_coordinates,33eb900f8774c3e46ee3dd03b8990ede9a642cbf51e7065cb691bae6751f6bca,https://chirang.assam.gov.in/sites/default/files/public_utility/ReliefCampNotification_1.pdf,2
Chirang,Sidli,No.2 Saynashibari L.P School,No. 2 Sanyashibari,90.60195,26.51918333,9957687825,,proposed,source_coordinates,33eb900f8774c3e46ee3dd03b8990ede9a642cbf51e7065cb691bae6751f6bca,https://chirang.assam.gov.in/sites/default/files/public_utility/ReliefCampNotification_1.pdf,2
Chirang,Sidli,TulshijhoraL P and ME School,Polangshuguri,90.5698,26.57755,9101267855,,proposed,source_coordinates,33eb900f8774c3e46ee3dd03b8990ede9a642cbf51e7065cb691bae6751f6bca,https://chirang.assam.gov.in/sites/default/files/public_utility/ReliefCampNotification_1.pdf,2
Chirang,Sidli,Odalguri Madrassa,Odalgur,90.586673,26.533036,9859162382,,proposed,source_coordinates,33eb900f8774c3e46ee3dd03b8990ede9a642cbf51e7065cb691bae6751f6bca,https://chirang.assam.gov.in/sites/default/files/public_utility/ReliefCampNotification_1.pdf,2
Chirang,Sidli,No.3 Odalguri LPS,No.3 Odalguri,90.580327,26.530728,9365248638/ 7399503 994,,proposed,source_coordinates,33eb900f8774c3e46ee3dd03b8990ede9a642cbf51e7065cb691bae6751f6bca,https://chirang.assam.gov.in/sites/default/files/public_utility/ReliefCampNotification_1.pdf,2
Chirang,Sidli,513 Kachugaon Ravapara LPS,No.1 Pub Bhadragaon,90.46478333,26.42861667,9706802556,,proposed,source_coordinates,33eb900f8774c3e46ee3dd03b8990ede9a642cbf51e7065cb691bae6751f6bca,https://chirang.assam.gov.in/sites/default/files/public_utility/ReliefCampNotification_1.pdf,2
Chirang,Sidli,366 No. Lawripara LPS,Lauripara,90.38915,26.55853333,8399849029,,proposed,source_coordinates,33eb900f8774c3e46ee3dd03b8990ede9a642cbf51e7065cb691bae6751f6bca,https://chirang.assam.gov.in/sites/default/files/public_utility/ReliefCampNotification_1.pdf,2
Chirang,Sidli,Bijni Stadium,Bijni Town (Sundar ban Amguri),,,9101062658,,proposed,unverified,33eb900f8774c3e46ee3dd03b8990ede9a642cbf51e7065cb691bae6751f6bca,https://chirang.assam.gov.in/sites/default/files/public_utility/ReliefCampNotification_1.pdf,3
Chirang,Sidli,79 Moneswari JB School,"Moneswari, Koptupli, Hawargaon, No.2Kawadi",,,98598-92437,,proposed,unverified,33eb900f8774c3e46ee3dd03b8990ede9a642cbf51e7065cb691bae6751f6bca,https://chirang.assam.gov.in/sites/default/files/public_utility/ReliefCampNotification_1.pdf,3
Chirang,Sidli,799 No.Puran Bijni LPS,"No.1 Supariguri, Bijnigaon",,,70020-73569,,proposed,unverified,33eb900f8774c3e46ee3dd03b8990ede9a642cbf51e7065cb691bae6751f6bca,https://chirang.assam.gov.in/sites/default/files/public_utility/ReliefCampNotification_1.pdf,3
Chirang,Sidli,Fagunagaon High School,No.1 &No.2 Fagunagaon,,,7099554090,,proposed,unverified,33eb900f8774c3e46ee3dd03b8990ede9a642cbf51e7065cb691bae6751f6bca,https://chirang.assam.gov.in/sites/default/files/public_utility/ReliefCampNotification_1.pdf,3
Chirang,Sidli,Majrabari Nowapara High School,No.1&2Majrabari,,,6000828812,,proposed,unverified,33eb900f8774c3e46ee3dd03b8990ede9a642cbf51e7065cb691bae6751f6bca,https://chirang.assam.gov.in/sites/default/files/public_utility/ReliefCampNotification_1.pdf,3
Chirang,Sidli,252 No. Sishubari LPS,No.2 Sishubari,,,9957663042,,proposed,unverified,33eb900f8774c3e46ee3dd03b8990ede9a642cbf51e7065cb691bae6751f6bca,https://chirang.assam.gov.in/sites/default/files/public_utility/ReliefCampNotification_1.pdf,3
Chirang,Sidli,128 No. Nowapara LPS,No.1 Sishubari,,,99548-75609,,proposed,unverified,33eb900f8774c3e46ee3dd03b8990ede9a642cbf51e7065cb691bae6751f6bca,https://chirang.assam.gov.in/sites/default/files/public_utility/ReliefCampNotification_1.pdf,3
Chirang,Sidli,850 No. Sarapet LPS,No.2 Sarapet,,,99545-73435,,proposed,unverified,33eb900f8774c3e46ee3dd03b8990ede9a642cbf51e7065cb691bae6751f6bca,https://chirang.assam.gov.in/sites/default/files/public_utility/ReliefCampNotification_1.pdf,3
Chirang,Sidli,No. 1 Sarapet Sub Centre & Library,No.1Sarapet,,,6900451867,,proposed,unverified,33eb900f8774c3e46ee3dd03b8990ede9a642cbf51e7065cb691bae6751f6bca,https://chirang.assam.gov.in/sites/default/files/public_utility/ReliefCampNotification_1.pdf,3
Chirang,Sidli,No.1 Chowrabari L PS,No.1 Chowrabari,,,7086898271,,proposed,unverified,33eb900f8774c3e46ee3dd03b8990ede9a642cbf51e7065cb691bae6751f6bca,https://chirang.assam.gov.in/sites/default/files/public_utility/ReliefCampNotification_1.pdf,3
Chirang,Sidli,1 No. Khujurapguri LPS,No.1 Khujurapguri,,,96788-43995,,proposed,unverified,33eb900f8774c3e46ee3dd03b8990ede9a642cbf51e7065cb691bae6751f6bca,https://chirang.assam.gov.in/sites/default/files/public_utility/ReliefCampNotification_1.pdf,3
Chirang,Sidli,Dongapeta LPS,"Dongapeta,N o.1 Chowrabari",,,81338-28093,,proposed,unverified,33eb900f8774c3e46ee3dd03b8990ede9a642cbf51e7065cb691bae6751f6bca,https://chirang.assam.gov.in/sites/default/files/public_utility/ReliefCampNotification_1.pdf,3
Chirang,Sidli,Nawduba LPS,Nawduba,,,78969-03295,,proposed,unverified,33eb900f8774c3e46ee3dd03b8990ede9a642cbf51e7065cb691bae6751f6bca,https://chirang.assam.gov.in/sites/default/files/public_utility/ReliefCampNotification_1.pdf,3
Chirang,Sidli,373 No. Kathalguri LPS,Kathalguri,,,9957753427,,proposed,unverified,33eb900f8774c3e46ee3dd03b8990ede9a642cbf51e7065cb691bae6751f6bca,https://chirang.assam.gov.in/sites/default/files/public_utility/ReliefCampNotification_1.pdf,3
Chirang,Sidli,Khujurapguri MES,No.2 Khujurapguri,,,9678845809,,proposed,unverified,33eb900f8774c3e46ee3dd03b8990ede9a642cbf51e7065cb691bae6751f6bca,https://chirang.assam.gov.in/sites/default/files/public_utility/ReliefCampNotification_1.pdf,3
Chirang,Sidli,Ledopara LPS,Ledopara,,,8638658760,,proposed,unverified,33eb900f8774c3e46ee3dd03b8990ede9a642cbf51e7065cb691bae6751f6bca,https://chirang.assam.gov.in/sites/default/files/public_utility/ReliefCampNotification_1.pdf,3
Chirang,Sidli,Ledopara JK Club,Ugapara,,,9957370890,,proposed,unverified,33eb900f8774c3e46ee3dd03b8990ede9a642cbf51e7065cb691bae6751f6bca,https://chirang.assam.gov.in/sites/default/files/public_utility/ReliefCampNotification_1.pdf,4
Chirang,Sidli,Odalguri LPS,Tulsijhora,,,9859500472,,proposed,unverified,33eb900f8774c3e46ee3dd03b8990ede9a642cbf51e7065cb691bae6751f6bca,https://chirang.assam.gov.in/sites/default/files/public_utility/ReliefCampNotification_1.pdf,4
Chirang,Sidli,Bhabanipur MES,Bhabanipur,,,98542-46992,,proposed,unverified,33eb900f8774c3e46ee3dd03b8990ede9a642cbf51e7065cb691bae6751f6bca,https://chirang.assam.gov.in/sites/default/files/public_utility/ReliefCampNotification_1.pdf,4
Chirang,Sidli,Uttar Manikpur LPS,"Manikpur,Jo ypur",,,98644-52474,,proposed,unverified,33eb900f8774c3e46ee3dd03b8990ede9a642cbf51e7065cb691bae6751f6bca,https://chirang.assam.gov.in/sites/default/files/public_utility/ReliefCampNotification_1.pdf,4
Chirang,Sidli,Pachim Kaliagaon LPS,Koliagaon,,,98649-51103,,proposed,unverified,33eb900f8774c3e46ee3dd03b8990ede9a642cbf51e7065cb691bae6751f6bca,https://chirang.assam.gov.in/sites/default/files/public_utility/ReliefCampNotification_1.pdf,4
Chirang,Sidli,Amguri HS School,"Rajpara,La khipur",,,7002472959,,proposed,unverified,33eb900f8774c3e46ee3dd03b8990ede9a642cbf51e7065cb691bae6751f6bca,https://chirang.assam.gov.in/sites/default/files/public_utility/ReliefCampNotification_1.pdf,4
Chirang,Sidli,Patalmari LPS,"Patalmari,Nar ayanpur",,,9101153744,,proposed,unverified,33eb900f8774c3e46ee3dd03b8990ede9a642cbf51e7065cb691bae6751f6bca,https://chirang.assam.gov.in/sites/default/files/public_utility/ReliefCampNotification_1.pdf,4
Chirang,Sidli,792 No. Narayanpur LPS,Sisubari,,,995704037,,proposed,unverified,33eb900f8774c3e46ee3dd03b8990ede9a642cbf51e7065cb691bae6751f6bca,https://chirang.assam.gov.in/sites/default/files/public_utility/ReliefCampNotification_1.pdf,4
Chirang,Sidli,Kungkrajhora MES,Khungkrajhor a,,,8011413941,,proposed,unverified,33eb900f8774c3e46ee3dd03b8990ede9a642cbf51e7065cb691bae6751f6bca,https://chirang.assam.gov.in/sites/default/files/public_utility/ReliefCampNotification_1.pdf,4
Chirang,Sidli,Kungkrajhora Community Hall,"Kungkrajhora , Durgapur",,,9864845065,,proposed,unverified,33eb900f8774c3e46ee3dd03b8990ede9a642cbf51e7065cb691bae6751f6bca,https://chirang.assam.gov.in/sites/default/files/public_utility/ReliefCampNotification_1.pdf,4
Chirang,Sidli,702 No. Dwisumjhora LPS,Daisumguri,,,78964-25006,,proposed,unverified,33eb900f8774c3e46ee3dd03b8990ede9a642cbf51e7065cb691bae6751f6bca,https://chirang.assam.gov.in/sites/default/files/public_utility/ReliefCampNotification_1.pdf,4
Chirang,Sidli,No. 1 Uttar Boldi LPS,No.1UttarBol di,,,9101839460,,proposed,unverified,33eb900f8774c3e46ee3dd03b8990ede9a642cbf51e7065cb691bae6751f6bca,https://chirang.assam.gov.in/sites/default/files/public_utility/ReliefCampNotification_1.pdf,4
Chirang,Sidli,Ladangpara LPS,Pub Boldi (Ladangpara),,,9577958456,,proposed,unverified,33eb900f8774c3e46ee3dd03b8990ede9a642cbf51e7065cb691bae6751f6bca,https://chirang.assam.gov.in/sites/default/files/public_utility/ReliefCampNotification_1.pdf,4
Chirang,Sidli,419 No. Dologaon LPS,No.2 Uttar Boldi,,,93651-85941,,proposed,unverified,33eb900f8774c3e46ee3dd03b8990ede9a642cbf51e7065cb691bae6751f6bca,https://chirang.assam.gov.in/sites/default/files/public_utility/ReliefCampNotification_1.pdf,4
Chirang,Sidli,538 No. Ladanguri LPS,Ladanguri,,,8876143269,,proposed,unverified,33eb900f8774c3e46ee3dd03b8990ede9a642cbf51e7065cb691bae6751f6bca,https://chirang.assam.gov.in/sites/default/files/public_utility/ReliefCampNotification_1.pdf,4
Chirang,Sidli,No.360 Symthaibari LPS,Pub Boldi (Sythaibari),,,9957040575,,proposed,unverified,33eb900f8774c3e46ee3dd03b8990ede9a642cbf51e7065cb691bae6751f6bca,https://chirang.assam.gov.in/sites/default/files/public_utility/ReliefCampNotification_1.pdf,4
Chirang,Sidli,Nadhiyapara Library,Nadhiyapara,,,8811924325,,proposed,unverified,33eb900f8774c3e46ee3dd03b8990ede9a642cbf51e7065cb691bae6751f6bca,https://chirang.assam.gov.in/sites/default/files/public_utility/ReliefCampNotification_1.pdf,4
Chirang,Sidli,127 No. Kashdoha LPS,Kasdoha,,,9954397169,,proposed,unverified,33eb900f8774c3e46ee3dd03b8990ede9a642cbf51e7065cb691bae6751f6bca,https://chirang.assam.gov.in/sites/default/files/public_utility/ReliefCampNotification_1.pdf,4
Chirang,Sidli,703 No. Bisdoba LPS,Bisdoha,,,7002691469,,proposed,unverified,33eb900f8774c3e46ee3dd03b8990ede9a642cbf51e7065cb691bae6751f6bca,https://chirang.assam.gov.in/sites/default/files/public_utility/ReliefCampNotification_1.pdf,4
Chirang,Sidli,877 No. Soregaon LPS (Boupara),Boupara,,,9678498079,,proposed,unverified,33eb900f8774c3e46ee3dd03b8990ede9a642cbf51e7065cb691bae6751f6bca,https://chirang.assam.gov.in/sites/default/files/public_utility/ReliefCampNotification_1.pdf,5
Chirang,Sidli,349 No. Fulerchar LPS (Bedlangkhaity LPS),Bedlangkhaiti,,,7002191447,,proposed,unverified,33eb900f8774c3e46ee3dd03b8990ede9a642cbf51e7065cb691bae6751f6bca,https://chirang.assam.gov.in/sites/default/files/public_utility/ReliefCampNotification_1.pdf,5
Chirang,Sidli,Bedlangkhaity Yeer Mamood MES,Bedlangkhaiti,,,9365692464,,proposed,unverified,33eb900f8774c3e46ee3dd03b8990ede9a642cbf51e7065cb691bae6751f6bca,https://chirang.assam.gov.in/sites/default/files/public_utility/ReliefCampNotification_1.pdf,5
Chirang,Sidli,Panbari Model LPS,"No.4 Chowrang, Panbari",,,9957442477,,proposed,unverified,33eb900f8774c3e46ee3dd03b8990ede9a642cbf51e7065cb691bae6751f6bca,https://chirang.assam.gov.in/sites/default/files/public_utility/ReliefCampNotification_1.pdf,5
Chirang,Sidli,Chikajhora LPS,"No.1,2, 3 Chikajhora",,,9678418329,,proposed,unverified,33eb900f8774c3e46ee3dd03b8990ede9a642cbf51e7065cb691bae6751f6bca,https://chirang.assam.gov.in/sites/default/files/public_utility/ReliefCampNotification_1.pdf,5
Chirang,Sidli,894 No. Dahaldanda LPS,"No.1,2 Dahaldanda",,,,,proposed,unverified,33eb900f8774c3e46ee3dd03b8990ede9a642cbf51e7065cb691bae6751f6bca,https://chirang.assam.gov.in/sites/default/files/public_utility/ReliefCampNotification_1.pdf,5
Chirang,Sidli,Jharbispani MES,Jharbispani,,,6001332043,,proposed,unverified,33eb900f8774c3e46ee3dd03b8990ede9a642cbf51e7065cb691bae6751f6bca,https://chirang.assam.gov.in/sites/default/files/public_utility/ReliefCampNotification_1.pdf,5
Chirang,Sidli,Bagargaon Anchalik High School,"Bagargaon, Alengmari, Dawaguri, Larugaon, No.1, 2Siliguri",,,9954953961,,proposed,unverified,33eb900f8774c3e46ee3dd03b8990ede9a642cbf51e7065cb691bae6751f6bca,https://chirang.assam.gov.in/sites/default/files/public_utility/ReliefCampNotification_1.pdf,5
Chirang,Sidli,1041 No. Simlabari LPS,"Dhupuri, No.1 Kawadi (Sonaikhola)",,,8638526858,,proposed,unverified,33eb900f8774c3e46ee3dd03b8990ede9a642cbf51e7065cb691bae6751f6bca,https://chirang.assam.gov.in/sites/default/files/public_utility/ReliefCampNotification_1.pdf,5
Nagaon,the,Training of camp in-charge in the wake of COVID-19,,,,,,proposed,unverified,d1ec3a7d871d4889d44f0f314e137620933f1f3578a32efca4903a4e6eb70a00,https://nagaon.assam.gov.in/sites/default/files/public_utility/SOP_on_Relief%20Camp%20Management_final_2.pdf,33
Nagaon,the,Departmental list of camp wise designated officials received,,,,,,proposed,unverified,d1ec3a7d871d4889d44f0f314e137620933f1f3578a32efca4903a4e6eb70a00,https://nagaon.assam.gov.in/sites/default/files/public_utility/SOP_on_Relief%20Camp%20Management_final_2.pdf,33
Nagaon,the,"Mechanism for necessary transportation arrangements (road, water and air) to ensure GR is transported in time to each of the designated camps established",,,,,,proposed,unverified,d1ec3a7d871d4889d44f0f314e137620933f1f3578a32efca4903a4e6eb70a00,https://nagaon.assam.gov.in/sites/default/files/public_utility/SOP_on_Relief%20Camp%20Management_final_2.pdf,33
Nagaon,the,Ensure that all measures of social distancing and other added actions as suggested in the addendum are ensured,,,,,,proposed,unverified,d1ec3a7d871d4889d44f0f314e137620933f1f3578a32efca4903a4e6eb70a00,https://nagaon.assam.gov.in/sites/default/files/public_utility/SOP_on_Relief%20Camp%20Management_final_2.pdf,33
Nagaon,the,Instruction issued for setting up of camps,,,,,,proposed,unverified,d1ec3a7d871d4889d44f0f314e137620933f1f3578a32efca4903a4e6eb70a00,https://nagaon.assam.gov.in/sites/default/files/public_utility/SOP_on_Relief%20Camp%20Management_final_2.pdf,33
Nagaon,the,Setting up of camps and provisions/functions of responsible departments reviewed,,,,,,proposed,unverified,d1ec3a7d871d4889d44f0f314e137620933f1f3578a32efca4903a4e6eb70a00,https://nagaon.assam.gov.in/sites/default/files/public_utility/SOP_on_Relief%20Camp%20Management_final_2.pdf,33
Nagaon,the,Setting up of Child Friendly Spaces and breastfeeding corners in designated camps reviewed,,,,,,proposed,unverified,d1ec3a7d871d4889d44f0f314e137620933f1f3578a32efca4903a4e6eb70a00,https://nagaon.assam.gov.in/sites/default/files/public_utility/SOP_on_Relief%20Camp%20Management_final_2.pdf,33
Nagaon,the,Ensuring special care is taken to evacuate home quarantined persons including separate camp arrangements,,,,,,proposed,unverified,d1ec3a7d871d4889d44f0f314e137620933f1f3578a32efca4903a4e6eb70a00,https://nagaon.assam.gov.in/sites/default/files/public_utility/SOP_on_Relief%20Camp%20Management_final_2.pdf,33
Nagaon,the,Camps are safe from all hazards and appropriate protection and vigilance arrangements being made,,,,,,proposed,unverified,d1ec3a7d871d4889d44f0f314e137620933f1f3578a32efca4903a4e6eb70a00,https://nagaon.assam.gov.in/sites/default/files/public_utility/SOP_on_Relief%20Camp%20Management_final_2.pdf,33
Nagaon,the,Grievance Redressal mechanism for collecting and addressing feedback/complains from camp inmates are established and functional at camp level,,,,,,proposed,unverified,d1ec3a7d871d4889d44f0f314e137620933f1f3578a32efca4903a4e6eb70a00,https://nagaon.assam.gov.in/sites/default/files/public_utility/SOP_on_Relief%20Camp%20Management_final_2.pdf,34
Nagaon,the,Real time instructions/directives to concerned departments to address grievances issued,,,,,,proposed,unverified,d1ec3a7d871d4889d44f0f314e137620933f1f3578a32efca4903a4e6eb70a00,https://nagaon.assam.gov.in/sites/default/files/public_utility/SOP_on_Relief%20Camp%20Management_final_2.pdf,34
Nagaon,the,Real time functional mechanisms for ensuring accountability in camp management are ensured,,,,,,proposed,unverified,d1ec3a7d871d4889d44f0f314e137620933f1f3578a32efca4903a4e6eb70a00,https://nagaon.assam.gov.in/sites/default/files/public_utility/SOP_on_Relief%20Camp%20Management_final_2.pdf,34
Nagaon,the,Closure of the camps declared considering the on-ground situation,,,,,,proposed,unverified,d1ec3a7d871d4889d44f0f314e137620933f1f3578a32efca4903a4e6eb70a00,https://nagaon.assam.gov.in/sites/default/files/public_utility/SOP_on_Relief%20Camp%20Management_final_2.pdf,34
Nagaon,the,Post Operation (Closure of camps) Visits conducted to assess the situation of the camps,,,,,,proposed,unverified,d1ec3a7d871d4889d44f0f314e137620933f1f3578a32efca4903a4e6eb70a00,https://nagaon.assam.gov.in/sites/default/files/public_utility/SOP_on_Relief%20Camp%20Management_final_2.pdf,34
Nagaon,the,Designated camps (particularly schools) are provided with resources/ support towards cleanliness post closure of the camps,,,,,,proposed,unverified,d1ec3a7d871d4889d44f0f314e137620933f1f3578a32efca4903a4e6eb70a00,https://nagaon.assam.gov.in/sites/default/files/public_utility/SOP_on_Relief%20Camp%20Management_final_2.pdf,34
Nagaon,the,"Post closure review meeting conducted to understand challenges, gaps and areas of improvement in camp management",,,,,,proposed,unverified,d1ec3a7d871d4889d44f0f314e137620933f1f3578a32efca4903a4e6eb70a00,https://nagaon.assam.gov.in/sites/default/files/public_utility/SOP_on_Relief%20Camp%20Management_final_2.pdf,34
Nagaon,the,All related documents (needed for compliance) are properly managed,,,,,,proposed,unverified,d1ec3a7d871d4889d44f0f314e137620933f1f3578a32efca4903a4e6eb70a00,https://nagaon.assam.gov.in/sites/default/files/public_utility/SOP_on_Relief%20Camp%20Management_final_2.pdf,34
Nagaon,the,Departments are instructed to conduct internal debriefing on lessons learnt,,,,,,proposed,unverified,d1ec3a7d871d4889d44f0f314e137620933f1f3578a32efca4903a4e6eb70a00,https://nagaon.assam.gov.in/sites/default/files/public_utility/SOP_on_Relief%20Camp%20Management_final_2.pdf,34
